,Network ID,Network Name,Native ID,Station ID,Station Name,History ID,Province,Longitude,Latitude,Elevation (m),Record Start,Record End,Obs Freq,Variables
7,1,EC,1126160,243,PENTICTON SEWAGE PLANT,646,BC,-119.6,49.5,344.0,1954-10-01,1969-11-30,Daily,Precipitation Amount|Rainfall Amount|Snowfall Amount
24,1,EC,1120M47,1017,ARAWANA,1420,BC,-119.566667,49.583333,518.0,1970-12-01,2001-01-01,Daily,Precipitation Amount|Precipitation Climatology|Rainfall Amount|Snowfall Amount|Temperature (Max.)|Temperature (Min.)|Temperature Climatology (Max.)|Temperature Climatology (Mean)|Temperature Climatology (Min.)
25,1,EC,1121620,1020,CHUTE LAKE,1423,BC,-119.533333,49.683333,1194.0,1928-09-01,1962-10-31,Daily,Precipitation Amount|Rainfall Amount|Snowfall Amount|Temperature (Max.)|Temperature (Min.)
43,1,EC,1125380,1056,NARAMATA,1459,BC,-119.6,49.616667,366.0,1924-01-01,1936-12-31,Daily,Precipitation Amount|Rainfall Amount|Snowfall Amount|Temperature (Max.)|Temperature (Min.)
44,1,EC,1125381,1057,NARAMATA,1460,BC,-119.566667,49.55,411.0,1971-04-01,2004-02-29,Daily,Precipitation Amount|Precipitation Climatology|Rainfall Amount|Snowfall Amount|Surface Snow Depth (Point)|Temperature (Max.)|Temperature (Min.)|Temperature Climatology (Max.)|Temperature Climatology (Mean)|Temperature Climatology (Min.)
56,1,EC,1127798,1086,SUMMERLAND,1489,BC,-119.666667,49.6,335.0,1907-07-01,1923-06-30,Daily,Precipitation Amount|Rainfall Amount|Snowfall Amount|Temperature (Max.)|Temperature (Min.)
57,1,EC,1127800,1087,SUMMERLAND CDA,1490,BC,-119.65,49.566667,455.0,1916-01-01,2001-01-01,Daily,Precipitation Amount|Precipitation Climatology|Rainfall Amount|Snowfall Amount|Surface Snow Depth (Point)|Temperature (Max.)|Temperature (Min.)|Temperature Climatology (Max.)|Temperature Climatology (Mean)|Temperature Climatology (Min.)
58,1,EC,1127830,1088,SUMMERLAND CDA EL,1491,BC,-119.633333,49.566667,346.0,1949-06-01,1964-09-30,Daily,Precipitation Amount|Rainfall Amount|Snowfall Amount|Surface Snow Depth (Point)|Temperature (Max.)|Temperature (Min.)
74,1,EC,112G8L1,1105,SUMMERLAND CS,1508,BC,-119.6384,49.56372,454.2,1990-06-01,2017-12-31,Daily,Precipitation Amount|Precipitation Climatology|Rainfall Amount|Snowfall Amount|Surface Snow Depth (Point)|Temperature (Max.)|Temperature (Min.)|Temperature Climatology (Max.)|Temperature Climatology (Mean)|Temperature Climatology (Min.)
145,12,FLNRO-WMB,328,1876,PENTICTON RS,2279,BC,-119.5533,49.5183,427.0,1988-08-16,2023-10-08,Hourly,Dew Point Temperature|Precipitation Amount|Precipitation Climatology|Rainfall 1hr|Rainfall 24hr|Relative Humidity|Relative Humidity (Mean)|Snow Depth|Temperature|Temperature (Point)|Wind Direction|Wind Direction (Mean)|Wind Speed|Wind Speed (Mean)
223,17,ARDA,112032,4848,STRAFEHL,6528,BC,-119.680555555556,49.6097222222222,488.0,1974-03-21,1975-09-18,Daily,Temperature (Max.)|Temperature (Min.)
233,17,ARDA,112052,4868,DESCHAMPS,6548,BC,-119.755833333333,49.595,686.0,1971-04-28,1972-09-28,Irregular,Precipitation (Cumulative)|Surface Snow Depth (Point)
234,17,ARDA,112053,4869,ENEAS,6549,BC,-119.7925,49.6583333333333,716.0,1971-03-26,1972-10-30,Daily,Precipitation (Cumulative)|Relative Humidity (Mean)|Surface Snow Depth (Point)|Temperature (Max.)|Temperature (Min.)
235,17,ARDA,112055,4871,DINGWALL,6551,BC,-119.666666666667,49.5680555555556,494.0,1974-03-22,1974-10-28,Daily,Temperature (Max.)|Temperature (Min.)
248,17,ARDA,112163,4958,GARTRELL,6638,BC,-119.634166666667,49.575,357.0,1971-03-23,1972-10-29,Daily,Precipitation (Cumulative)|Relative Humidity (Mean)|Surface Snow Depth (Point)|Temperature (Max.)|Temperature (Min.)
249,17,ARDA,112164,4959,CONKLE,6639,BC,-119.686666666667,49.5633333333333,593.0,1971-03-16,1972-10-30,Daily,Precipitation (Cumulative)|Relative Humidity (Mean)|Surface Snow Depth (Point)|Temperature (Max.)|Temperature (Min.)
250,17,ARDA,112165,4960,FAULDER,6640,BC,-119.713333333333,49.5938888888889,556.0,1971-03-16,1972-05-23,Daily,Precipitation (Cumulative)|Relative Humidity (Mean)|Surface Snow Depth (Point)|Temperature (Max.)|Temperature (Min.)
251,17,ARDA,112167,4961,JONES FLAT,6641,BC,-119.67,49.6108333333333,485.0,1971-03-23,1972-10-29,Daily,Precipitation (Cumulative)|Relative Humidity (Mean)|Surface Snow Depth (Point)|Temperature (Max.)|Temperature (Min.)
252,17,ARDA,112169,4962,ACLAND,6642,BC,-119.720833333333,49.6669444444444,389.0,1971-04-28,1972-09-27,Irregular,Precipitation (Cumulative)|Surface Snow Depth (Point)
285,17,ARDA,112254,4998,ROGER RCH DS,6678,BC,-119.7775,49.5133333333333,832.0,1980-10-08,1981-07-22,Daily,Precipitation Amount|Surface Snow Depth (Point)
410,19,EC_raw,112G8L1,6658,Summerland,8343,BC,-119.6383889,49.56372222,454.2,2011-05-31,2012-11-08,Hourly,Air Pressure Tendency|Dew Point Temperature (Point)|Mean Sea Level|Precipitation Amount|Relative Humidity (Point)|Temperature (Max.)|Temperature (Min.)|Temperature (Point)|Wind Direction (Mean)|Wind Gust (Max.)|Wind Speed (Point)
411,19,EC_raw,112G8L1,6658,Summerland,8661,BC,-119.6486944,49.56255556,454.2,2010-03-02,2019-01-01,Hourly,Air Pressure Tendency|Dew Point Temperature (Point)|Mean Sea Level|Precipitation Amount|Relative Humidity (Point)|Temperature (Max.)|Temperature (Min.)|Temperature (Point)|Wind Direction (Mean)|Wind Gust (Max.)|Wind Speed (Point)
412,19,EC_raw,112G8L1,6658,Summerland,8662,BC,-119.6383889,49.56372222,454.2,2012-11-09,2012-11-09,Daily,Air Pressure Tendency|Dew Point Temperature (Point)|Mean Sea Level|Precipitation Amount|Relative Humidity (Point)|Temperature (Max.)|Temperature (Min.)|Temperature (Point)|Wind Direction (Mean)|Wind Gust (Max.)|Wind Speed (Point)
413,19,EC_raw,112G8L1,6658,Summerland,8663,BC,-119.6486944,49.56255556,454.2,2012-11-11,2012-11-12,Hourly,Air Pressure Tendency|Dew Point Temperature (Point)|Mean Sea Level|Precipitation Amount|Relative Humidity (Point)|Temperature (Max.)|Temperature (Min.)|Temperature (Point)|Wind Direction (Mean)|Wind Gust (Max.)|Wind Speed (Point)
414,19,EC_raw,112G8L1,6658,Summerland,8664,BC,-119.6383889,49.56372222,454.2,2012-11-10,2012-11-10,Daily,Air Pressure Tendency|Dew Point Temperature (Point)|Mean Sea Level|Precipitation Amount|Relative Humidity (Point)|Temperature (Max.)|Temperature (Min.)|Temperature (Point)|Wind Direction (Mean)|Wind Gust (Max.)|Wind Speed (Point)
415,19,EC_raw,112G8L1,6658,Summerland,8665,BC,-119.6486944,49.56255556,454.2,2012-11-12,2012-11-13,Hourly,Air Pressure Tendency|Dew Point Temperature (Point)|Mean Sea Level|Precipitation Amount|Relative Humidity (Point)|Temperature (Max.)|Temperature (Min.)|Temperature (Point)|Wind Direction (Mean)|Wind Gust (Max.)|Wind Speed (Point)
416,19,EC_raw,112G8L1,6658,Summerland,8666,BC,-119.6383889,49.56372222,454.2,2012-11-11,2012-11-11,Daily,Air Pressure Tendency|Dew Point Temperature (Point)|Mean Sea Level|Precipitation Amount|Relative Humidity (Point)|Temperature (Max.)|Temperature (Min.)|Temperature (Point)|Wind Direction (Mean)|Wind Gust (Max.)|Wind Speed (Point)
417,19,EC_raw,112G8L1,6658,Summerland,8667,BC,-119.6486944,49.56255556,454.2,2012-11-13,2012-11-14,Hourly,Air Pressure Tendency|Dew Point Temperature (Point)|Mean Sea Level|Precipitation Amount|Relative Humidity (Point)|Temperature (Max.)|Temperature (Min.)|Temperature (Point)|Wind Direction (Mean)|Wind Gust (Max.)|Wind Speed (Point)
418,19,EC_raw,112G8L1,6658,Summerland,8668,BC,-119.6383889,49.56372222,454.2,2012-11-12,2012-11-12,Daily,Air Pressure Tendency|Dew Point Temperature (Point)|Mean Sea Level|Precipitation Amount|Relative Humidity (Point)|Temperature (Max.)|Temperature (Min.)|Temperature (Point)|Wind Direction (Mean)|Wind Gust (Max.)|Wind Speed (Point)
419,19,EC_raw,112G8L1,6658,Summerland,8669,BC,-119.6486944,49.56255556,454.2,2012-11-14,2012-11-15,Hourly,Air Pressure Tendency|Dew Point Temperature (Point)|Mean Sea Level|Precipitation Amount|Relative Humidity (Point)|Temperature (Max.)|Temperature (Min.)|Temperature (Point)|Wind Direction (Mean)|Wind Gust (Max.)|Wind Speed (Point)
420,19,EC_raw,112G8L1,6658,Summerland,8670,BC,-119.6383889,49.56372222,454.2,2012-11-13,2020-09-17,Daily,Air Pressure Tendency|Dew Point Temperature (Point)|Mean Sea Level|Precipitation Amount|Relative Humidity (Point)|Temperature (Max.)|Temperature (Min.)|Temperature (Point)|Wind Direction (Mean)|Wind Gust (Max.)|Wind Speed (Point)
421,19,EC_raw,112G8L1,6658,Summerland,8671,BC,-119.6486944,49.56255556,454.2,2012-11-15,2012-11-16,Hourly,Air Pressure Tendency|Dew Point Temperature (Point)|Mean Sea Level|Precipitation Amount|Relative Humidity (Point)|Temperature (Max.)|Temperature (Min.)|Temperature (Point)|Wind Direction (Mean)|Wind Gust (Max.)|Wind Speed (Point)
422,19,EC_raw,112G8L1,6658,Summerland,8672,BC,-119.6383889,49.56372222,454.2,2012-11-14,2012-11-14,Daily,Air Pressure Tendency|Dew Point Temperature (Point)|Mean Sea Level|Precipitation Amount|Relative Humidity (Point)|Temperature (Max.)|Temperature (Min.)|Temperature (Point)|Wind Direction (Mean)|Wind Gust (Max.)|Wind Speed (Point)
423,19,EC_raw,112G8L1,6658,Summerland,8673,BC,-119.6486944,49.56255556,454.2,2012-11-16,2012-11-17,Hourly,Air Pressure Tendency|Dew Point Temperature (Point)|Mean Sea Level|Precipitation Amount|Relative Humidity (Point)|Temperature (Max.)|Temperature (Min.)|Temperature (Point)|Wind Direction (Mean)|Wind Gust (Max.)|Wind Speed (Point)
424,19,EC_raw,112G8L1,6658,Summerland,8674,BC,-119.6383889,49.56372222,454.2,2012-11-15,2012-11-15,Daily,Air Pressure Tendency|Dew Point Temperature (Point)|Mean Sea Level|Precipitation Amount|Relative Humidity (Point)|Temperature (Max.)|Temperature (Min.)|Temperature (Point)|Wind Direction (Mean)|Wind Gust (Max.)|Wind Speed (Point)
425,19,EC_raw,112G8L1,6658,Summerland,8675,BC,-119.6486944,49.56255556,454.2,2012-11-17,2012-11-18,Hourly,Air Pressure Tendency|Dew Point Temperature (Point)|Mean Sea Level|Precipitation Amount|Relative Humidity (Point)|Temperature (Max.)|Temperature (Min.)|Temperature (Point)|Wind Direction (Mean)|Wind Gust (Max.)|Wind Speed (Point)
426,19,EC_raw,112G8L1,6658,Summerland,8676,BC,-119.6383889,49.56372222,454.2,2012-11-16,2023-01-23,Daily,Air Pressure Tendency|Dew Point Temperature (Point)|Mean Sea Level|Precipitation Amount|Relative Humidity (Point)|Temperature (Max.)|Temperature (Min.)|Temperature (Point)|Wind Direction (Mean)|Wind Gust (Max.)|Wind Speed (Point)
427,19,EC_raw,112G8L1,6658,Summerland,8677,BC,-119.6486944,49.56255556,454.2,2012-11-18,2012-11-19,Hourly,Air Pressure Tendency|Dew Point Temperature (Point)|Mean Sea Level|Precipitation Amount|Relative Humidity (Point)|Temperature (Max.)|Temperature (Min.)|Temperature (Point)|Wind Direction (Mean)|Wind Gust (Max.)|Wind Speed (Point)
428,19,EC_raw,112G8L1,6658,Summerland,8678,BC,-119.6383889,49.56372222,454.2,2012-11-17,2012-11-17,Daily,Air Pressure Tendency|Dew Point Temperature (Point)|Mean Sea Level|Precipitation Amount|Relative Humidity (Point)|Temperature (Max.)|Temperature (Min.)|Temperature (Point)|Wind Direction (Mean)|Wind Gust (Max.)|Wind Speed (Point)
429,19,EC_raw,112G8L1,6658,Summerland,8679,BC,-119.6486944,49.56255556,454.2,2012-11-19,2012-11-20,Hourly,Air Pressure Tendency|Dew Point Temperature (Point)|Mean Sea Level|Precipitation Amount|Relative Humidity (Point)|Temperature (Max.)|Temperature (Min.)|Temperature (Point)|Wind Direction (Mean)|Wind Gust (Max.)|Wind Speed (Point)
430,19,EC_raw,112G8L1,6658,Summerland,8680,BC,-119.6383889,49.56372222,454.2,2012-11-18,2012-11-18,Daily,Air Pressure Tendency|Dew Point Temperature (Point)|Mean Sea Level|Precipitation Amount|Relative Humidity (Point)|Temperature (Max.)|Temperature (Min.)|Temperature (Point)|Wind Direction (Mean)|Wind Gust (Max.)|Wind Speed (Point)
431,19,EC_raw,112G8L1,6658,Summerland,8681,BC,-119.6486944,49.56255556,454.2,2012-11-20,2024-01-14,Hourly,Air Pressure Tendency|Dew Point Temperature (Point)|Mean Sea Level|Precipitation Amount|Relative Humidity (Point)|Temperature (Max.)|Temperature (Min.)|Temperature (Point)|Wind Direction (Mean)|Wind Gust (Max.)|Wind Speed (Point)
432,19,EC_raw,112G8L1,6658,Summerland,8682,BC,-119.6383889,49.56372222,454.2,2012-11-19,2012-11-19,Daily,Air Pressure Tendency|Dew Point Temperature (Point)|Mean Sea Level|Precipitation Amount|Relative Humidity (Point)|Temperature (Max.)|Temperature (Min.)|Temperature (Point)|Wind Direction (Mean)|Wind Gust (Max.)|Wind Speed (Point)
433,19,EC_raw,112G8L1,6658,Summerland,8683,BC,-119.6486944,49.56255556,454.2,2012-11-21,2012-11-22,Hourly,Air Pressure Tendency|Dew Point Temperature (Point)|Mean Sea Level|Precipitation Amount|Relative Humidity (Point)|Temperature (Max.)|Temperature (Min.)|Temperature (Point)|Wind Direction (Mean)|Wind Gust (Max.)|Wind Speed (Point)
434,19,EC_raw,112G8L1,6658,Summerland,8684,BC,-119.6383889,49.56372222,454.2,2012-11-20,2012-11-20,Daily,Air Pressure Tendency|Dew Point Temperature (Point)|Mean Sea Level|Precipitation Amount|Relative Humidity (Point)|Temperature (Max.)|Temperature (Min.)|Temperature (Point)|Wind Direction (Mean)|Wind Gust (Max.)|Wind Speed (Point)
435,19,EC_raw,112G8L1,6658,Summerland,8685,BC,-119.6486944,49.56255556,454.2,2012-11-22,2012-11-23,Hourly,Air Pressure Tendency|Dew Point Temperature (Point)|Mean Sea Level|Precipitation Amount|Relative Humidity (Point)|Temperature (Max.)|Temperature (Min.)|Temperature (Point)|Wind Direction (Mean)|Wind Gust (Max.)|Wind Speed (Point)
436,19,EC_raw,112G8L1,6658,Summerland,8686,BC,-119.6383889,49.56372222,454.2,2012-11-21,2012-11-21,Daily,Air Pressure Tendency|Dew Point Temperature (Point)|Mean Sea Level|Precipitation Amount|Relative Humidity (Point)|Temperature (Max.)|Temperature (Min.)|Temperature (Point)|Wind Direction (Mean)|Wind Gust (Max.)|Wind Speed (Point)
437,19,EC_raw,112G8L1,6658,Summerland,12083,BC,-119.6486944,49.56255556,454.2,2012-11-23,2012-11-24,Hourly,Air Pressure Tendency|Dew Point Temperature (Point)|Mean Sea Level|Precipitation Amount|Relative Humidity (Point)|Temperature (Max.)|Temperature (Min.)|Temperature (Point)|Wind Direction (Mean)|Wind Gust (Max.)|Wind Speed (Point)
438,19,EC_raw,112G8L1,6658,Summerland,12084,BC,-119.6383889,49.56372222,454.2,2012-11-22,2012-11-22,Daily,Air Pressure Tendency|Dew Point Temperature (Point)|Mean Sea Level|Precipitation Amount|Relative Humidity (Point)|Temperature (Max.)|Temperature (Min.)|Temperature (Point)|Wind Direction (Mean)|Wind Gust (Max.)|Wind Speed (Point)
439,19,EC_raw,112G8L1,6658,Summerland,12085,BC,-119.6486944,49.56255556,454.2,2012-11-24,2012-11-25,Hourly,Air Pressure Tendency|Dew Point Temperature (Point)|Mean Sea Level|Precipitation Amount|Relative Humidity (Point)|Temperature (Max.)|Temperature (Min.)|Temperature (Point)|Wind Direction (Mean)|Wind Gust (Max.)|Wind Speed (Point)
440,19,EC_raw,112G8L1,6658,Summerland,12086,BC,-119.6383889,49.56372222,454.2,2012-11-23,2012-11-23,Daily,Air Pressure Tendency|Dew Point Temperature (Point)|Mean Sea Level|Precipitation Amount|Relative Humidity (Point)|Temperature (Max.)|Temperature (Min.)|Temperature (Point)|Wind Direction (Mean)|Wind Gust (Max.)|Wind Speed (Point)
441,19,EC_raw,112G8L1,6658,Summerland,12087,BC,-119.6486944,49.56255556,454.2,2012-11-25,2012-11-26,Hourly,Air Pressure Tendency|Dew Point Temperature (Point)|Mean Sea Level|Precipitation Amount|Relative Humidity (Point)|Temperature (Max.)|Temperature (Min.)|Temperature (Point)|Wind Direction (Mean)|Wind Gust (Max.)|Wind Speed (Point)
442,19,EC_raw,112G8L1,6658,Summerland,12088,BC,-119.6383889,49.56372222,454.2,2012-11-24,2012-11-24,Daily,Air Pressure Tendency|Dew Point Temperature (Point)|Mean Sea Level|Precipitation Amount|Relative Humidity (Point)|Temperature (Max.)|Temperature (Min.)|Temperature (Point)|Wind Direction (Mean)|Wind Gust (Max.)|Wind Speed (Point)
443,19,EC_raw,112G8L1,6658,Summerland,12089,BC,-119.6486944,49.56255556,454.2,2012-11-26,2012-11-27,Hourly,Air Pressure Tendency|Dew Point Temperature (Point)|Mean Sea Level|Precipitation Amount|Relative Humidity (Point)|Temperature (Max.)|Temperature (Min.)|Temperature (Point)|Wind Direction (Mean)|Wind Gust (Max.)|Wind Speed (Point)
444,19,EC_raw,112G8L1,6658,Summerland,12090,BC,-119.6383889,49.56372222,454.2,2012-11-25,2012-11-25,Daily,Air Pressure Tendency|Dew Point Temperature (Point)|Mean Sea Level|Precipitation Amount|Relative Humidity (Point)|Temperature (Max.)|Temperature (Min.)|Temperature (Point)|Wind Direction (Mean)|Wind Gust (Max.)|Wind Speed (Point)
445,19,EC_raw,112G8L1,6658,Summerland,12091,BC,-119.6486944,49.56255556,454.2,2012-11-27,2012-11-28,Hourly,Air Pressure Tendency|Dew Point Temperature (Point)|Mean Sea Level|Precipitation Amount|Relative Humidity (Point)|Temperature (Max.)|Temperature (Min.)|Temperature (Point)|Wind Direction (Mean)|Wind Gust (Max.)|Wind Speed (Point)
446,19,EC_raw,112G8L1,6658,Summerland,12092,BC,-119.6383889,49.56372222,454.2,2012-11-26,2012-11-26,Daily,Air Pressure Tendency|Dew Point Temperature (Point)|Mean Sea Level|Precipitation Amount|Relative Humidity (Point)|Temperature (Max.)|Temperature (Min.)|Temperature (Point)|Wind Direction (Mean)|Wind Gust (Max.)|Wind Speed (Point)
447,19,EC_raw,112G8L1,6658,Summerland,12093,BC,-119.6486944,49.56255556,454.2,2012-11-28,2012-11-30,Hourly,Air Pressure Tendency|Dew Point Temperature (Point)|Mean Sea Level|Precipitation Amount|Relative Humidity (Point)|Temperature (Max.)|Temperature (Min.)|Temperature (Point)|Wind Direction (Mean)|Wind Gust (Max.)|Wind Speed (Point)
448,19,EC_raw,112G8L1,6658,Summerland,12094,BC,-119.6383889,49.56372222,454.2,2012-11-28,2012-11-28,Daily,Air Pressure Tendency|Dew Point Temperature (Point)|Mean Sea Level|Precipitation Amount|Relative Humidity (Point)|Temperature (Max.)|Temperature (Min.)|Temperature (Point)|Wind Direction (Mean)|Wind Gust (Max.)|Wind Speed (Point)
449,19,EC_raw,112G8L1,6658,Summerland,12095,BC,-119.6486944,49.56255556,454.2,2012-11-30,2012-12-01,Hourly,Air Pressure Tendency|Dew Point Temperature (Point)|Mean Sea Level|Precipitation Amount|Relative Humidity (Point)|Temperature (Max.)|Temperature (Min.)|Temperature (Point)|Wind Direction (Mean)|Wind Gust (Max.)|Wind Speed (Point)
450,19,EC_raw,112G8L1,6658,Summerland,12096,BC,-119.6383889,49.56372222,454.2,2012-11-29,2012-11-29,Daily,Air Pressure Tendency|Dew Point Temperature (Point)|Mean Sea Level|Precipitation Amount|Relative Humidity (Point)|Temperature (Max.)|Temperature (Min.)|Temperature (Point)|Wind Direction (Mean)|Wind Gust (Max.)|Wind Speed (Point)
451,19,EC_raw,112G8L1,6658,Summerland,12097,BC,-119.6486944,49.56255556,454.2,2012-12-01,2012-12-02,Hourly,Air Pressure Tendency|Dew Point Temperature (Point)|Mean Sea Level|Precipitation Amount|Relative Humidity (Point)|Temperature (Max.)|Temperature (Min.)|Temperature (Point)|Wind Direction (Mean)|Wind Gust (Max.)|Wind Speed (Point)
452,19,EC_raw,112G8L1,6658,Summerland,12098,BC,-119.6383889,49.56372222,454.2,2012-11-30,2012-11-30,Daily,Air Pressure Tendency|Dew Point Temperature (Point)|Mean Sea Level|Precipitation Amount|Relative Humidity (Point)|Temperature (Max.)|Temperature (Min.)|Temperature (Point)|Wind Direction (Mean)|Wind Gust (Max.)|Wind Speed (Point)
453,19,EC_raw,112G8L1,6658,Summerland,12099,BC,-119.6486944,49.56255556,454.2,2012-12-02,2012-12-03,Hourly,Air Pressure Tendency|Dew Point Temperature (Point)|Mean Sea Level|Precipitation Amount|Relative Humidity (Point)|Temperature (Max.)|Temperature (Min.)|Temperature (Point)|Wind Direction (Mean)|Wind Gust (Max.)|Wind Speed (Point)
454,19,EC_raw,112G8L1,6658,Summerland,12100,BC,-119.6383889,49.56372222,454.2,2012-12-01,2012-12-01,Daily,Air Pressure Tendency|Dew Point Temperature (Point)|Mean Sea Level|Precipitation Amount|Relative Humidity (Point)|Temperature (Max.)|Temperature (Min.)|Temperature (Point)|Wind Direction (Mean)|Wind Gust (Max.)|Wind Speed (Point)
455,19,EC_raw,112G8L1,6658,Summerland,12101,BC,-119.6486944,49.56255556,454.2,2012-12-03,2012-12-04,Hourly,Air Pressure Tendency|Dew Point Temperature (Point)|Mean Sea Level|Precipitation Amount|Relative Humidity (Point)|Temperature (Max.)|Temperature (Min.)|Temperature (Point)|Wind Direction (Mean)|Wind Gust (Max.)|Wind Speed (Point)
456,19,EC_raw,112G8L1,6658,Summerland,12102,BC,-119.6383889,49.56372222,454.2,2012-12-02,2012-12-02,Daily,Air Pressure Tendency|Dew Point Temperature (Point)|Mean Sea Level|Precipitation Amount|Relative Humidity (Point)|Temperature (Max.)|Temperature (Min.)|Temperature (Point)|Wind Direction (Mean)|Wind Gust (Max.)|Wind Speed (Point)
457,19,EC_raw,112G8L1,6658,Summerland,12103,BC,-119.6486944,49.56255556,454.2,2012-12-04,2012-12-05,Hourly,Air Pressure Tendency|Dew Point Temperature (Point)|Mean Sea Level|Precipitation Amount|Relative Humidity (Point)|Temperature (Max.)|Temperature (Min.)|Temperature (Point)|Wind Direction (Mean)|Wind Gust (Max.)|Wind Speed (Point)
458,19,EC_raw,112G8L1,6658,Summerland,12104,BC,-119.6383889,49.56372222,454.2,2012-12-03,2012-12-03,Daily,Air Pressure Tendency|Dew Point Temperature (Point)|Mean Sea Level|Precipitation Amount|Relative Humidity (Point)|Temperature (Max.)|Temperature (Min.)|Temperature (Point)|Wind Direction (Mean)|Wind Gust (Max.)|Wind Speed (Point)
459,19,EC_raw,112G8L1,6658,Summerland,12105,BC,-119.6486944,49.56255556,454.2,2012-12-05,2012-12-06,Hourly,Air Pressure Tendency|Dew Point Temperature (Point)|Mean Sea Level|Precipitation Amount|Relative Humidity (Point)|Temperature (Max.)|Temperature (Min.)|Temperature (Point)|Wind Direction (Mean)|Wind Gust (Max.)|Wind Speed (Point)
460,19,EC_raw,112G8L1,6658,Summerland,12106,BC,-119.6383889,49.56372222,454.2,2012-12-04,2012-12-04,Daily,Air Pressure Tendency|Dew Point Temperature (Point)|Mean Sea Level|Precipitation Amount|Relative Humidity (Point)|Temperature (Max.)|Temperature (Min.)|Temperature (Point)|Wind Direction (Mean)|Wind Gust (Max.)|Wind Speed (Point)
461,19,EC_raw,112G8L1,6658,Summerland,12107,BC,-119.6486944,49.56255556,454.2,2012-12-06,2012-12-07,Hourly,Air Pressure Tendency|Dew Point Temperature (Point)|Mean Sea Level|Precipitation Amount|Relative Humidity (Point)|Temperature (Max.)|Temperature (Min.)|Temperature (Point)|Wind Direction (Mean)|Wind Gust (Max.)|Wind Speed (Point)
462,19,EC_raw,112G8L1,6658,Summerland,12108,BC,-119.6383889,49.56372222,454.2,2012-12-05,2012-12-05,Daily,Air Pressure Tendency|Dew Point Temperature (Point)|Mean Sea Level|Precipitation Amount|Relative Humidity (Point)|Temperature (Max.)|Temperature (Min.)|Temperature (Point)|Wind Direction (Mean)|Wind Gust (Max.)|Wind Speed (Point)
463,19,EC_raw,112G8L1,6658,Summerland,12110,BC,-119.6486944,49.56255556,454.2,2012-12-07,2012-12-08,Hourly,Air Pressure Tendency|Dew Point Temperature (Point)|Mean Sea Level|Precipitation Amount|Relative Humidity (Point)|Temperature (Max.)|Temperature (Min.)|Temperature (Point)|Wind Direction (Mean)|Wind Gust (Max.)|Wind Speed (Point)
464,19,EC_raw,112G8L1,6658,Summerland,12111,BC,-119.6383889,49.56372222,454.2,2012-12-06,2012-12-06,Daily,Air Pressure Tendency|Dew Point Temperature (Point)|Mean Sea Level|Precipitation Amount|Relative Humidity (Point)|Temperature (Max.)|Temperature (Min.)|Temperature (Point)|Wind Direction (Mean)|Wind Gust (Max.)|Wind Speed (Point)
465,19,EC_raw,112G8L1,6658,Summerland,12112,BC,-119.6486944,49.56255556,454.2,2012-12-08,2012-12-09,Hourly,Air Pressure Tendency|Dew Point Temperature (Point)|Mean Sea Level|Precipitation Amount|Relative Humidity (Point)|Temperature (Max.)|Temperature (Min.)|Temperature (Point)|Wind Direction (Mean)|Wind Gust (Max.)|Wind Speed (Point)
466,19,EC_raw,112G8L1,6658,Summerland,12113,BC,-119.6383889,49.56372222,454.2,2012-12-07,2012-12-07,Daily,Air Pressure Tendency|Dew Point Temperature (Point)|Mean Sea Level|Precipitation Amount|Relative Humidity (Point)|Temperature (Max.)|Temperature (Min.)|Temperature (Point)|Wind Direction (Mean)|Wind Gust (Max.)|Wind Speed (Point)
467,19,EC_raw,112G8L1,6658,Summerland,12115,BC,-119.6486944,49.56255556,454.2,2012-12-09,2012-12-10,Hourly,Air Pressure Tendency|Dew Point Temperature (Point)|Mean Sea Level|Precipitation Amount|Relative Humidity (Point)|Temperature (Max.)|Temperature (Min.)|Temperature (Point)|Wind Direction (Mean)|Wind Gust (Max.)|Wind Speed (Point)
468,19,EC_raw,112G8L1,6658,Summerland,12117,BC,-119.6383889,49.56372222,454.2,2012-12-08,2012-12-08,Daily,Air Pressure Tendency|Dew Point Temperature (Point)|Mean Sea Level|Precipitation Amount|Relative Humidity (Point)|Temperature (Max.)|Temperature (Min.)|Temperature (Point)|Wind Direction (Mean)|Wind Gust (Max.)|Wind Speed (Point)
469,19,EC_raw,112G8L1,6658,Summerland,12119,BC,-119.6486944,49.56255556,454.2,2012-12-10,2012-12-11,Hourly,Air Pressure Tendency|Dew Point Temperature (Point)|Mean Sea Level|Precipitation Amount|Relative Humidity (Point)|Temperature (Max.)|Temperature (Min.)|Temperature (Point)|Wind Direction (Mean)|Wind Gust (Max.)|Wind Speed (Point)
470,19,EC_raw,112G8L1,6658,Summerland,12121,BC,-119.6383889,49.56372222,454.2,2012-12-09,2012-12-09,Daily,Air Pressure Tendency|Dew Point Temperature (Point)|Mean Sea Level|Precipitation Amount|Relative Humidity (Point)|Temperature (Max.)|Temperature (Min.)|Temperature (Point)|Wind Direction (Mean)|Wind Gust (Max.)|Wind Speed (Point)
471,19,EC_raw,112G8L1,6658,Summerland,12123,BC,-119.6486944,49.56255556,454.2,2012-12-11,2012-12-12,Hourly,Air Pressure Tendency|Dew Point Temperature (Point)|Mean Sea Level|Precipitation Amount|Relative Humidity (Point)|Temperature (Max.)|Temperature (Min.)|Temperature (Point)|Wind Direction (Mean)|Wind Gust (Max.)|Wind Speed (Point)
472,19,EC_raw,112G8L1,6658,Summerland,12125,BC,-119.6383889,49.56372222,454.2,2012-12-10,2012-12-10,Daily,Air Pressure Tendency|Dew Point Temperature (Point)|Mean Sea Level|Precipitation Amount|Relative Humidity (Point)|Temperature (Max.)|Temperature (Min.)|Temperature (Point)|Wind Direction (Mean)|Wind Gust (Max.)|Wind Speed (Point)
473,19,EC_raw,112G8L1,6658,Summerland,12127,BC,-119.6486944,49.56255556,454.2,2012-12-12,2012-12-13,Hourly,Air Pressure Tendency|Dew Point Temperature (Point)|Mean Sea Level|Precipitation Amount|Relative Humidity (Point)|Temperature (Max.)|Temperature (Min.)|Temperature (Point)|Wind Direction (Mean)|Wind Gust (Max.)|Wind Speed (Point)
474,19,EC_raw,112G8L1,6658,Summerland,12129,BC,-119.6383889,49.56372222,454.2,2012-12-11,2012-12-11,Daily,Air Pressure Tendency|Dew Point Temperature (Point)|Mean Sea Level|Precipitation Amount|Relative Humidity (Point)|Temperature (Max.)|Temperature (Min.)|Temperature (Point)|Wind Direction (Mean)|Wind Gust (Max.)|Wind Speed (Point)
475,19,EC_raw,112G8L1,6658,Summerland,12132,BC,-119.6486944,49.56255556,454.2,2012-12-13,2012-12-14,Hourly,Air Pressure Tendency|Dew Point Temperature (Point)|Mean Sea Level|Precipitation Amount|Relative Humidity (Point)|Temperature (Max.)|Temperature (Min.)|Temperature (Point)|Wind Direction (Mean)|Wind Gust (Max.)|Wind Speed (Point)
476,19,EC_raw,112G8L1,6658,Summerland,12134,BC,-119.6383889,49.56372222,454.2,2012-12-12,2012-12-12,Daily,Air Pressure Tendency|Dew Point Temperature (Point)|Mean Sea Level|Precipitation Amount|Relative Humidity (Point)|Temperature (Max.)|Temperature (Min.)|Temperature (Point)|Wind Direction (Mean)|Wind Gust (Max.)|Wind Speed (Point)
477,19,EC_raw,112G8L1,6658,Summerland,12136,BC,-119.6486944,49.56255556,454.2,2012-12-14,2018-08-30,Hourly,Air Pressure Tendency|Dew Point Temperature (Point)|Mean Sea Level|Precipitation Amount|Relative Humidity (Point)|Temperature (Max.)|Temperature (Min.)|Temperature (Point)|Wind Direction (Mean)|Wind Gust (Max.)|Wind Speed (Point)
